set,perturbation,delta_to_healthy,improvement_toward_healthy,wasserstein_before,wasserstein_after,knn_overlap_gain,silhouette_before,silhouette_after,delta_from_healthy
ALS_perts,TARDBP_up_mild,-0.00518798828125,0.00518798828125,2.2213240838050843,2.219858408212662,0.00033358602749907103,0.08017674088478088,0.08001489192247391,
ALS_perts,ATXN2_down,-0.0020928382873535156,0.0020928382873535156,2.2213240838050843,2.216779445171356,0.00010714728106032446,0.08017674088478088,0.08019775152206421,
